-- phpMyAdmin SQL Dump
-- version 4.8.2
-- https://www.phpmyadmin.net/
--
-- Host: 127.0.0.1:3306
-- Generation Time: Apr 14, 2019 at 06:23 AM
-- Server version: 5.7.19
-- PHP Version: 7.1.9

SET SQL_MODE = "NO_AUTO_VALUE_ON_ZERO";
SET AUTOCOMMIT = 0;
START TRANSACTION;
SET time_zone = "+00:00";


/*!40101 SET @OLD_CHARACTER_SET_CLIENT=@@CHARACTER_SET_CLIENT */;
/*!40101 SET @OLD_CHARACTER_SET_RESULTS=@@CHARACTER_SET_RESULTS */;
/*!40101 SET @OLD_COLLATION_CONNECTION=@@COLLATION_CONNECTION */;
/*!40101 SET NAMES utf8mb4 */;

--
-- Database: `stock`
--

-- --------------------------------------------------------

--
-- Table structure for table `categories`
--

DROP TABLE IF EXISTS `categories`;
CREATE TABLE IF NOT EXISTS `categories` (
  `id` int(11) NOT NULL AUTO_INCREMENT,
  `name` varchar(255) NOT NULL,
  `active` int(11) NOT NULL,
  PRIMARY KEY (`id`)
) ENGINE=InnoDB AUTO_INCREMENT=10 DEFAULT CHARSET=utf8;

--
-- Dumping data for table `categories`
--

INSERT INTO `categories` (`id`, `name`, `active`) VALUES
(4, 'Main Course', 1),
(6, 'Fast Food', 1),
(7, 'Soup', 1),
(8, 'Salads', 1),
(9, 'Drinks', 1);

-- --------------------------------------------------------

--
-- Table structure for table `company`
--

DROP TABLE IF EXISTS `company`;
CREATE TABLE IF NOT EXISTS `company` (
  `id` int(11) NOT NULL AUTO_INCREMENT,
  `company_name` varchar(255) NOT NULL,
  `service_charge_value` varchar(255) NOT NULL,
  `vat_charge_value` varchar(255) NOT NULL,
  `address` varchar(255) NOT NULL,
  `phone` varchar(255) NOT NULL,
  `country` varchar(255) NOT NULL,
  `message` text NOT NULL,
  `currency` varchar(255) NOT NULL,
  PRIMARY KEY (`id`)
) ENGINE=InnoDB AUTO_INCREMENT=2 DEFAULT CHARSET=utf8;

--
-- Dumping data for table `company`
--

INSERT INTO `company` (`id`, `company_name`, `service_charge_value`, `vat_charge_value`, `address`, `phone`, `country`, `message`, `currency`) VALUES
(1, 'The Indian Cuisine', '13', '10', 'Near Jyoti Market, Jalandhar', '758676851', 'India', 'When you are looking for the best <b><i></i></b><i>Indian cuisine</i><b><i></i></b> in Jalandhar<small></small>, the search usually includes <b>The Indian Cuisine restaurant</b>. You will feel welcomed into our casual, intimate space on Jalandhar Streets by our friendly staff.', 'INR');

-- --------------------------------------------------------

--
-- Table structure for table `groups`
--

DROP TABLE IF EXISTS `groups`;
CREATE TABLE IF NOT EXISTS `groups` (
  `id` int(11) NOT NULL AUTO_INCREMENT,
  `group_name` varchar(255) NOT NULL,
  `permission` text NOT NULL,
  PRIMARY KEY (`id`)
) ENGINE=InnoDB AUTO_INCREMENT=2 DEFAULT CHARSET=utf8;

--
-- Dumping data for table `groups`
--

INSERT INTO `groups` (`id`, `group_name`, `permission`) VALUES
(1, 'Administrator', 'a:36:{i:0;s:10:\"createUser\";i:1;s:10:\"updateUser\";i:2;s:8:\"viewUser\";i:3;s:10:\"deleteUser\";i:4;s:11:\"createGroup\";i:5;s:11:\"updateGroup\";i:6;s:9:\"viewGroup\";i:7;s:11:\"deleteGroup\";i:8;s:11:\"createBrand\";i:9;s:11:\"updateBrand\";i:10;s:9:\"viewBrand\";i:11;s:11:\"deleteBrand\";i:12;s:14:\"createCategory\";i:13;s:14:\"updateCategory\";i:14;s:12:\"viewCategory\";i:15;s:14:\"deleteCategory\";i:16;s:11:\"createStore\";i:17;s:11:\"updateStore\";i:18;s:9:\"viewStore\";i:19;s:11:\"deleteStore\";i:20;s:15:\"createAttribute\";i:21;s:15:\"updateAttribute\";i:22;s:13:\"viewAttribute\";i:23;s:15:\"deleteAttribute\";i:24;s:13:\"createProduct\";i:25;s:13:\"updateProduct\";i:26;s:11:\"viewProduct\";i:27;s:13:\"deleteProduct\";i:28;s:11:\"createOrder\";i:29;s:11:\"updateOrder\";i:30;s:9:\"viewOrder\";i:31;s:11:\"deleteOrder\";i:32;s:11:\"viewReports\";i:33;s:13:\"updateCompany\";i:34;s:11:\"viewProfile\";i:35;s:13:\"updateSetting\";}');

-- --------------------------------------------------------

--
-- Table structure for table `orders`
--

DROP TABLE IF EXISTS `orders`;
CREATE TABLE IF NOT EXISTS `orders` (
  `id` int(11) NOT NULL AUTO_INCREMENT,
  `bill_no` varchar(255) NOT NULL,
  `customer_name` varchar(255) NOT NULL,
  `customer_address` varchar(255) NOT NULL,
  `customer_phone` varchar(255) NOT NULL,
  `date_time` varchar(255) NOT NULL,
  `gross_amount` varchar(255) NOT NULL,
  `service_charge_rate` varchar(255) NOT NULL,
  `service_charge` varchar(255) NOT NULL,
  `vat_charge_rate` varchar(255) NOT NULL,
  `vat_charge` varchar(255) NOT NULL,
  `net_amount` varchar(255) NOT NULL,
  `discount` varchar(255) NOT NULL,
  `paid_status` int(11) NOT NULL,
  `user_id` int(11) NOT NULL,
  PRIMARY KEY (`id`)
) ENGINE=InnoDB AUTO_INCREMENT=4 DEFAULT CHARSET=utf8;

--
-- Dumping data for table `orders`
--

INSERT INTO `orders` (`id`, `bill_no`, `customer_name`, `customer_address`, `customer_phone`, `date_time`, `gross_amount`, `service_charge_rate`, `service_charge`, `vat_charge_rate`, `vat_charge`, `net_amount`, `discount`, `paid_status`, `user_id`) VALUES
(2, 'BILPR-F33E', 'Lakshya Saini', 'Lovely Professional University', '08968933344', '1555097997', '1400.00', '13', '182.00', '10', '140.00', '1672.00', '50', 1, 1),
(3, 'BILPR-58D0', 'Lakshya Saini', 'Lovely Professional University', '08968933344', '1555222540', '2110.00', '13', '274.30', '10', '211.00', '2445.30', '150', 1, 1);

-- --------------------------------------------------------

--
-- Table structure for table `orders_item`
--

DROP TABLE IF EXISTS `orders_item`;
CREATE TABLE IF NOT EXISTS `orders_item` (
  `id` int(11) NOT NULL AUTO_INCREMENT,
  `order_id` int(11) NOT NULL,
  `product_id` int(11) NOT NULL,
  `qty` varchar(255) NOT NULL,
  `rate` varchar(255) NOT NULL,
  `amount` varchar(255) NOT NULL,
  PRIMARY KEY (`id`)
) ENGINE=InnoDB AUTO_INCREMENT=13 DEFAULT CHARSET=utf8;

--
-- Dumping data for table `orders_item`
--

INSERT INTO `orders_item` (`id`, `order_id`, `product_id`, `qty`, `rate`, `amount`) VALUES
(5, 2, 2, '4', '150', '600.00'),
(6, 2, 3, '2', '400', '800.00'),
(10, 3, 4, '4', '40', '160.00'),
(11, 3, 2, '5', '150', '750.00'),
(12, 3, 3, '3', '400', '1200.00');

-- --------------------------------------------------------

--
-- Table structure for table `products`
--

DROP TABLE IF EXISTS `products`;
CREATE TABLE IF NOT EXISTS `products` (
  `id` int(11) NOT NULL AUTO_INCREMENT,
  `name` varchar(255) NOT NULL,
  `price` varchar(255) NOT NULL,
  `qty` varchar(255) NOT NULL,
  `image` text NOT NULL,
  `description` text NOT NULL,
  `category_id` text NOT NULL,
  `store_id` int(11) NOT NULL,
  `availability` int(11) NOT NULL,
  PRIMARY KEY (`id`)
) ENGINE=InnoDB AUTO_INCREMENT=5 DEFAULT CHARSET=utf8;

--
-- Dumping data for table `products`
--

INSERT INTO `products` (`id`, `name`, `price`, `qty`, `image`, `description`, `category_id`, `store_id`, `availability`) VALUES
(2, 'Special Indian Thaali', '150', '95', 'assets/images/product_image/5cb0e8725b5e2.jpg', '<p>Special Indian Thaali like never before. </p>', '[\"4\"]', 3, 1),
(3, 'Italian Soup', '400', '17', 'assets/images/product_image/5cb0e92caff9c.png', '<p>The New Italian Soup   </p>', '[\"7\"]', 3, 1),
(4, 'Pav Bhaaji', '40', '96', 'assets/images/product_image/5cb2cf9299aad.png', '<p>Best Pav Bhaaji you have ever eaten </p>', '[\"6\"]', 5, 1);

-- --------------------------------------------------------

--
-- Table structure for table `stores`
--

DROP TABLE IF EXISTS `stores`;
CREATE TABLE IF NOT EXISTS `stores` (
  `id` int(11) NOT NULL AUTO_INCREMENT,
  `name` varchar(255) NOT NULL,
  `active` int(11) NOT NULL,
  PRIMARY KEY (`id`)
) ENGINE=InnoDB AUTO_INCREMENT=7 DEFAULT CHARSET=utf8;

--
-- Dumping data for table `stores`
--

INSERT INTO `stores` (`id`, `name`, `active`) VALUES
(3, 'Bh 6 Food Court', 1),
(4, 'Near Uni Mall', 2),
(5, 'Bh 1 Food Court', 1),
(6, 'Near Campus Cafe', 1);

-- --------------------------------------------------------

--
-- Table structure for table `users`
--

DROP TABLE IF EXISTS `users`;
CREATE TABLE IF NOT EXISTS `users` (
  `id` int(11) NOT NULL AUTO_INCREMENT,
  `username` varchar(255) NOT NULL,
  `password` varchar(255) NOT NULL,
  `email` varchar(255) NOT NULL,
  `firstname` varchar(255) NOT NULL,
  `lastname` varchar(255) NOT NULL,
  `phone` varchar(255) NOT NULL,
  `gender` int(11) NOT NULL,
  PRIMARY KEY (`id`)
) ENGINE=InnoDB AUTO_INCREMENT=2 DEFAULT CHARSET=utf8;

--
-- Dumping data for table `users`
--

INSERT INTO `users` (`id`, `username`, `password`, `email`, `firstname`, `lastname`, `phone`, `gender`) VALUES
(1, 'adminknst', '$2y$10$yfi5nUQGXUZtMdl27dWAyOd/jMOmATBpiUvJDmUu9hJ5Ro6BE5wsK', 'admin@admin.com', 'john', 'doe', '80789998', 1);

-- --------------------------------------------------------

--
-- Table structure for table `user_group`
--

DROP TABLE IF EXISTS `user_group`;
CREATE TABLE IF NOT EXISTS `user_group` (
  `id` int(11) NOT NULL AUTO_INCREMENT,
  `user_id` int(11) NOT NULL,
  `group_id` int(11) NOT NULL,
  PRIMARY KEY (`id`)
) ENGINE=InnoDB AUTO_INCREMENT=2 DEFAULT CHARSET=utf8;

--
-- Dumping data for table `user_group`
--

INSERT INTO `user_group` (`id`, `user_id`, `group_id`) VALUES
(1, 1, 1);
COMMIT;

/*!40101 SET CHARACTER_SET_CLIENT=@OLD_CHARACTER_SET_CLIENT */;
/*!40101 SET CHARACTER_SET_RESULTS=@OLD_CHARACTER_SET_RESULTS */;
/*!40101 SET COLLATION_CONNECTION=@OLD_COLLATION_CONNECTION */;
